Base,DCTP,Indirect Memory,Signature,Tagged
0.823534,0.807999,0.732892,0.64482,0.607519
0.775584,0.753652,0.706054,0.602909,0.564125
0.909676,0.89275,0.896745,0.874238,0.869523
