Base,Association,Prefetcher,Replacement Policy,Write Buffer
0.823534,0.819624,0.607519,0.776174,0.823534
0.775584,0.771223,0.564125,0.752731,0.775584
0.909676,0.908157,0.869523,0.85679,0.909555
