Base,BIPRP,BRRIPRP,LIPRP,SecondChance
0.823534,0.795519,0.776174,0.785686,0.81814
0.775584,0.763022,0.752731,0.755014,0.77602
0.909676,0.880093,0.85679,0.858044,0.908522
